brand_id,brand_name,poi_id,name,address,province,city,district,adcode,lng_gcj02,lat_gcj02,type,typecode,tel,source_query,matched_keywords,poi_kind,store_location_type,raw_distance,scan_center_lng,scan_center_lat,scan_radius_m,source,crawl_date,is_frontend_store,is_after_sales,is_delivery,is_core_touchpoint,needs_review,review_reason,brand_poi_count,brand_district_poi_count,district_total_poi_count,brand_district_share,district_brand_rank
im_motors,智己,B0M6P7MADC,智己汽车,莘庄镇七莘路1507号莘庄维璟印象城,上海市,上海市,闵行区,310112,121.364102,31.130883,公司企业;公司企业;公司企业,170000,,智己汽车,智己,experience_store,office_or_entity,[],0,0,0,amap_place_text,2026-07-08,true,false,false,true,false,,48,12,39,0.3077,2
im_motors,智己,B0K64SQLD7,智己汽车上海金桥体验中心,金桥镇川桥路350号,上海市,上海市,浦东新区,310115,121.605889,31.243522,汽车销售;汽车销售;汽车销售|汽车维修;汽车维修;汽车维修,020000|030000,,智己汽车,智己,service_center,industrial_or_service_site,[],0,0,0,amap_place_text,2026-07-08,false,true,false,true,false,,48,10,42,0.2381,3
im_motors,智己,B0LANCXS0D,智己汽车上海东安路展厅,东安路239号(东安路地铁站4号口步行220米),上海市,上海市,徐汇区,310104,121.453958,31.19314,汽车销售;汽车销售;汽车销售|汽车维修;汽车维修;汽车维修,020000|030000,021-33562042,智己汽车,智己,service_center,industrial_or_service_site,[],0,0,0,amap_place_text,2026-07-08,false,true,false,true,false,,48,3,10,0.3,2
im_motors,智己,B0IRNUUT00,智己汽车(上海普陀体验及交付中心),同普路1272号,上海市,上海市,普陀区,310107,121.368736,31.233036,汽车销售;汽车销售;汽车销售,020000,13761440060,智己汽车,智己,delivery_center,industrial_or_service_site,[],0,0,0,amap_place_text,2026-07-08,false,false,true,true,false,,48,2,10,0.2,2
im_motors,智己,B0L17592F6,智己汽车(上海万象城店),吴中路1599号,上海市,上海市,闵行区,310112,121.371155,31.171226,汽车销售;汽车销售;汽车销售,020000,18901863878;18964099073,智己汽车,智己,mall_store,mall,[],0,0,0,amap_place_text,2026-07-08,true,false,false,true,false,,48,12,39,0.3077,2
im_motors,智己,B0LUN567VK,智己汽车(上海荟聚Livat体验中心),荟聚Livat-LG1-B1B01铺,上海市,上海市,长宁区,310105,121.355575,31.221525,汽车销售;汽车销售;汽车销售,020000,13585773384,智己汽车,智己,mall_store,mall,[],0,0,0,amap_place_text,2026-07-08,true,false,false,true,false,,48,3,11,0.2727,3
im_motors,智己,B0I67UO70A,智己汽车(上海张江基地),祥科路298号(学林路地铁站3号口步行440米),上海市,上海市,浦东新区,310115,121.610036,31.181678,汽车销售;汽车销售;汽车销售,020000,15000943716;17821160038,智己汽车,智己,experience_store,road_address_store,[],0,0,0,amap_place_text,2026-07-08,true,false,false,true,false,,48,10,42,0.2381,3
im_motors,智己,B0KB6R9LGS,智己汽车(上海南翔印象城MEGA店),陈翔公路2299号南翔印象城L1层-20(靠近地库2号入口),上海市,上海市,嘉定区,310114,121.306701,31.304584,汽车销售;汽车销售;汽车销售,020000,15800327057,智己汽车,智己,mall_store,mall,[],0,0,0,amap_place_text,2026-07-08,true,false,false,true,true,parking_or_entrance,48,7,27,0.2593,2
im_motors,智己,B0J2GLBX16,智己汽车(虹桥新天地购物中心南区),申长路688号虹桥新天地购物中心南区L1层,上海市,上海市,闵行区,310112,121.314636,31.19302,汽车销售;汽车销售;汽车销售,020000,15801750448,智己汽车,智己,mall_store,mall,[],0,0,0,amap_place_text,2026-07-08,true,false,false,true,false,,48,12,39,0.3077,2
im_motors,智己,B0KKHH7C5G,智己汽车(复地活力城店),沪南路2229号复地活力城L1层L1050,上海市,上海市,浦东新区,310115,121.564836,31.159083,汽车销售;汽车销售;汽车销售,020000,,智己汽车,智己,mall_store,mall,[],0,0,0,amap_place_text,2026-07-08,true,false,false,true,false,,48,10,42,0.2381,3
im_motors,智己,B0KRJZZCR8,智己汽车西岸传媒港体验中心,龙腾大道2159号西岸传媒港B1-J-14,上海市,上海市,徐汇区,310104,121.462308,31.16065,汽车销售;汽车销售;汽车销售,020000,13166404884,智己汽车,智己,experience_store,mall,[],0,0,0,amap_place_text,2026-07-08,true,false,false,true,false,,48,3,10,0.3,2
im_motors,智己,B0LDJSWF9M,智己汽车上海长宁来福士体验中心,长宁路1189号长宁来福士广场东区L1层,上海市,上海市,长宁区,310105,121.415509,31.216876,汽车销售;汽车销售;汽车销售,020000,15000379010,智己汽车,智己,mall_store,mall,[],0,0,0,amap_place_text,2026-07-08,true,false,false,true,false,,48,3,11,0.2727,3
im_motors,智己,B0LUT562PA,智己汽车(上海闵行龙湖天街体验中心),颛桥镇剑川路1000号龙湖天街1层(近1号门),上海市,上海市,闵行区,310112,121.415175,31.026475,汽车销售;汽车销售;汽车销售,020000,13585647034;18621307780,智己汽车,智己,experience_store,mall,[],0,0,0,amap_place_text,2026-07-08,true,false,false,true,false,,48,12,39,0.3077,2
im_motors,智己,B0K2T7NYF7,智己汽车上海虹桥南丰城体验中心,遵义路100号虹桥南丰城南区L101,上海市,上海市,长宁区,310105,121.407057,31.206699,汽车销售;汽车销售;汽车销售,020000,15000379010,智己汽车,智己,mall_store,mall,[],0,0,0,amap_place_text,2026-07-08,true,false,false,true,false,,48,3,11,0.2727,3
im_motors,智己,B0K6BADBTL,智己汽车售后(川桥路店),川桥路350号,上海市,上海市,浦东新区,310115,121.60584,31.243552,汽车服务;汽车服务相关;汽车服务相关,010000,18964099073,智己汽车,智己,service_center,industrial_or_service_site,[],0,0,0,amap_place_text,2026-07-08,false,true,false,true,false,,48,10,42,0.2381,3
im_motors,智己,B0JG0M7X10,智己汽车上海长泰广场体验中心,金科路2889弄长泰广场1层2座(靠近哈雷路),上海市,上海市,浦东新区,310115,121.603177,31.205489,汽车销售;汽车销售;汽车销售,020000,17821881019,智己汽车,智己,mall_store,mall,[],0,0,0,amap_place_text,2026-07-08,true,false,false,true,false,,48,10,42,0.2381,3
im_motors,智己,B0J3GD9RFA,IM智己汽车(上海绿太阳建筑五金有限公司店),康桥东路528号,上海市,上海市,浦东新区,310115,121.610875,31.153225,汽车销售;汽车销售;汽车销售,020000,15906248758,智己汽车,智己|IM,experience_store,office_or_entity,[],0,0,0,amap_place_text,2026-07-08,true,false,false,true,true,possible_dealer_entity_or_office,48,10,42,0.2381,3
im_motors,智己,B0IKK7UTJD,智己汽车上海闵行用户中心,吴美路939号,上海市,上海市,闵行区,310112,121.382312,31.178131,汽车销售;汽车销售;汽车销售,020000,18616900131,智己汽车,智己,user_center,road_address_store,[],0,0,0,amap_place_text,2026-07-08,true,false,false,true,false,,48,12,39,0.3077,2
im_motors,智己,B0KAA5CWQ9,智己汽车上海闵行颛桥用户中心,沪闵公路3388号,上海市,上海市,闵行区,310112,121.402798,31.061747,汽车销售;汽车销售;汽车销售,020000,021-62967776,智己汽车,智己,user_center,road_address_store,[],0,0,0,amap_place_text,2026-07-08,true,false,false,true,false,,48,12,39,0.3077,2
im_motors,智己,B0KR05LAYW,智己汽车上海宝山高境用户中心,江杨南路1789号,上海市,上海市,宝山区,310113,121.466275,31.339414,汽车销售;汽车销售;汽车销售,020000,,智己汽车,智己,user_center,road_address_store,[],0,0,0,amap_place_text,2026-07-08,true,false,false,true,false,,48,3,14,0.2143,3
im_motors,智己,B0LANSVQO9,智己汽车(百联川沙购物中心店),川沙路5398号百联川沙购物中心F1层F1-01-0035(南4门附近),上海市,上海市,浦东新区,310115,121.6983,31.185199,汽车销售;汽车销售;汽车销售,020000,,智己汽车,智己,mall_store,mall,[],0,0,0,amap_place_text,2026-07-08,true,false,false,true,false,,48,10,42,0.2381,3
im_motors,智己,B0LGRS9YOS,智己汽车(徐汇万科体验中心),"沪闵路9191号徐汇万科广场一层L1-18,19号智己汽车门店",上海市,上海市,徐汇区,310104,121.431757,31.157874,汽车销售;汽车销售;汽车销售,020000,18221959957,智己汽车,智己,mall_store,mall,[],0,0,0,amap_place_text,2026-07-08,true,false,false,true,false,,48,3,10,0.3,2
im_motors,智己,B0MG3H9D8P,智己汽车奉贤龙湖天街,金海公路3800号龙湖·上海奉贤天街1F层,上海市,上海市,奉贤区,310120,121.496954,30.914069,汽车销售;汽车销售;汽车销售,020000,13482518539,智己汽车,智己,experience_store,mall,[],0,0,0,amap_place_text,2026-07-08,true,false,false,true,false,,48,2,6,0.3333,2
im_motors,智己,B0LUC5V3HW,智己汽车上海周浦万达体验中心(上海周浦万达广场店),年家浜路518号周浦万达1F(107-1、107-2号铺),上海市,上海市,浦东新区,310115,121.569025,31.114325,汽车销售;汽车销售;汽车销售,020000,15021870372,智己汽车,智己,mall_store,mall,[],0,0,0,amap_place_text,2026-07-08,true,false,false,true,false,,48,10,42,0.2381,3
im_motors,智己,B0K2U5YDOH,智己汽车仲盛世界体验中心(仲盛世界商城店),都市路5001号仲盛世界商城F1层,上海市,上海市,闵行区,310112,121.387551,31.107024,汽车销售;汽车销售;汽车销售,020000,18616305318,智己汽车,智己,mall_store,mall,[],0,0,0,amap_place_text,2026-07-08,true,false,false,true,false,,48,12,39,0.3077,2
im_motors,智己,B0I3AUSTHG,智己汽车上海宝山用户中心,潘泾路459号,上海市,上海市,宝山区,310113,121.400109,31.364396,汽车销售;汽车销售;汽车销售,020000,13764713802;15000379010,智己汽车,智己,user_center,road_address_store,[],0,0,0,amap_place_text,2026-07-08,true,false,false,true,false,,48,3,14,0.2143,3
im_motors,智己,B0K3DLUJPG,智己汽车上海嘉定用户中心,丰翔支路66号,上海市,上海市,嘉定区,310114,121.336072,31.306541,汽车销售;汽车销售;汽车销售,020000,18307001880,智己汽车,智己,user_center,road_address_store,[],0,0,0,amap_place_text,2026-07-08,true,false,false,true,false,,48,7,27,0.2593,2
im_motors,智己,B0IKLHQQRS,智己汽车上海闵行售后维修中心(万源路),万源路2728号,上海市,上海市,闵行区,310112,121.385396,31.17858,汽车服务;汽车服务相关;汽车服务相关,010000,,智己汽车,智己,service_center,industrial_or_service_site,[],0,0,0,amap_place_text,2026-07-08,false,true,false,true,false,,48,12,39,0.3077,2
im_motors,智己,B0MGGS3JDH,智己汽车上海南翔印象城体验中心,陈翔公路2299号L1-20,上海市,上海市,嘉定区,310114,121.306497,31.305606,汽车销售;汽车销售;汽车销售,020000,15800327057,智己汽车,智己,mall_store,mall,[],0,0,0,amap_place_text,2026-07-08,true,false,false,true,false,,48,7,27,0.2593,2
im_motors,智己,B0KB4AT7H0,智己汽车上海浦东航头用户中心,沪南公路5191号-5号(下沙地铁站1号口步行210米),上海市,上海市,浦东新区,310115,121.58917,31.056399,汽车销售;汽车销售;汽车销售,020000,13817434100;15216673995,智己汽车,智己,user_center,road_address_store,[],0,0,0,amap_place_text,2026-07-08,true,false,false,true,false,,48,10,42,0.2381,3
im_motors,智己,B0K35LONX8,智己汽车(上海嘉亭荟体验中心),安亭镇墨玉南路1055号嘉亭荟城市生活广场F1层,上海市,上海市,嘉定区,310114,121.161488,31.287563,汽车销售;汽车销售;汽车销售,020000,,智己汽车,智己,mall_store,auto_park,[],0,0,0,amap_place_text,2026-07-08,true,false,false,true,false,,48,7,27,0.2593,2
im_motors,智己,B0L3AOZB4E,智己汽车上海浦江万达体验中心,浦江镇永跃路360号上海浦江万达广场一层,上海市,上海市,闵行区,310112,121.511375,31.026775,汽车销售;汽车销售;汽车销售,020000,18317181388,智己汽车,智己,mall_store,mall,[],0,0,0,amap_place_text,2026-07-08,true,false,false,true,false,,48,12,39,0.3077,2
im_motors,智己,B0LGYU6XD2,智己汽车上海闵行浦江用户中心,浦江镇联川路258号7B,上海市,上海市,闵行区,310112,121.527049,31.076435,汽车销售;汽车销售;汽车销售,020000,13472428280,智己汽车,智己,user_center,road_address_store,[],0,0,0,amap_place_text,2026-07-08,true,false,false,true,false,,48,12,39,0.3077,2
im_motors,智己,B0MGKRKJO1,智己汽车中信泰富万达慢闪,马陆镇胜辛路426号中信泰富万达广场2层,上海市,上海市,嘉定区,310114,121.254971,31.330236,汽车销售;汽车销售;汽车销售,020000,17601247515,智己汽车,智己,mall_store,mall,[],0,0,0,amap_place_text,2026-07-08,true,false,false,true,false,,48,7,27,0.2593,2
im_motors,智己,B0J0UAYE4C,智己汽车上海青浦用户中心,北青公路9665号,上海市,上海市,青浦区,310118,121.124471,31.186547,汽车销售;汽车销售;汽车销售,020000,15301809257,智己汽车,智己,user_center,road_address_store,[],0,0,0,amap_place_text,2026-07-08,true,false,false,true,false,,48,3,12,0.25,2
im_motors,智己,B0L6HZ7JGW,智己汽车上海临港万达体验中心,泥城镇鸿音路2555号万达广场一层1001,上海市,上海市,浦东新区,310115,121.814875,30.891375,汽车销售;汽车销售;汽车销售,020000,17512128291,智己汽车,智己,mall_store,mall,[],0,0,0,amap_place_text,2026-07-08,true,false,false,true,false,,48,10,42,0.2381,3
im_motors,智己,B0K60U1FVO,智己汽车上海奉贤用户中心,平庄西路2958号2幢B栋1层,上海市,上海市,奉贤区,310120,121.497916,30.888324,汽车销售;汽车销售;汽车销售,020000,15618595077,智己汽车,智己,user_center,road_address_store,[],0,0,0,amap_place_text,2026-07-08,true,false,false,true,false,,48,2,6,0.3333,2
im_motors,智己,B0JRALX0YH,智己(上海松江印象城店),广富林路1788弄上海松江印象城L1层,上海市,上海市,松江区,310117,121.223305,31.05997,汽车销售;汽车销售;汽车销售,020000,15896220221,智己汽车,智己,mall_store,mall,[],0,0,0,amap_place_text,2026-07-08,true,false,false,true,false,,48,2,15,0.1333,3
im_motors,智己,B0KGSHIA0X,智己汽车上海松江用户中心,沪松路228号,上海市,上海市,松江区,310117,121.243344,31.02167,汽车销售;汽车销售;汽车销售,020000,13918100545,智己汽车,智己,user_center,road_address_store,[],0,0,0,amap_place_text,2026-07-08,true,false,false,true,false,,48,2,15,0.1333,3
im_motors,智己,B0LACUCTNP,智己汽车上海金山百联体验中心,卫清西路168弄99号东方商厦金山店F1层,上海市,上海市,金山区,310116,121.347849,30.731337,汽车销售;汽车销售;汽车销售,020000,18255065331,智己汽车,智己,mall_store,mall,[],0,0,0,amap_place_text,2026-07-08,true,false,false,true,false,,48,1,2,0.5,1
im_motors,智己,B0LDU6A572,上海益通智行汽车销售服务有限公司,昌翔路与丰翔支路交叉口西140米,上海市,上海市,嘉定区,310114,121.335825,31.307375,汽车销售;汽车销售;汽车销售|汽车维修;汽车维修;汽车维修,020000|030000,,智己汽车,,service_center,office_or_entity,[],0,0,0,amap_place_text,2026-07-08,false,true,false,true,true,possible_dealer_entity_or_office,48,7,27,0.2593,2
im_motors,智己,B0LAOHJ6C2,智己汽车(上海宝杨宝龙店),同济路669弄1宝杨宝龙广场F1层,上海市,上海市,宝山区,310113,121.482443,31.393916,汽车销售;汽车销售;汽车销售,020000,18917121969,智己汽车,智己,mall_store,mall,[],0,0,0,amap_place_text,2026-07-08,true,false,false,true,false,,48,3,14,0.2143,3
im_motors,智己,B0LKSLKETM,智己汽车 上海前湾印象城体验中心,联友路388号上海虹桥前湾印象城MEGAL1层L140,上海市,上海市,闵行区,310112,121.277709,31.216435,汽车销售;汽车销售;汽车销售,020000,13524353909,智己汽车,智己,mall_store,mall,[],0,0,0,amap_place_text,2026-07-08,true,false,false,true,false,,48,12,39,0.3077,2
im_motors,智己,B0H2AC5BBA,智己汽车科技有限公司,安拓路56弄汽车创新港17号楼7单元,上海市,上海市,嘉定区,310114,121.195184,31.278757,公司企业;公司;公司,170200,,智己汽车,智己,experience_store,office_or_entity,[],0,0,0,amap_place_text,2026-07-08,true,false,false,true,true,possible_dealer_entity_or_office,48,7,27,0.2593,2
im_motors,智己,B0GK6APMU5,智己汽车上海青浦用户中心,北青公路9665号5、6幢,上海市,上海市,青浦区,310118,121.124377,31.186639,汽车维修;起亚特约维修;东风悦达起亚维修|汽车销售;起亚特约销售;东风悦达起亚销售,031802|021702,021-51190008;021-51190038,智己汽车,智己,service_center,industrial_or_service_site,[],0,0,0,amap_place_text,2026-07-08,false,true,false,true,false,,48,3,12,0.25,2
im_motors,智己,B0LBXDBW27,智己售后服务中心(上海浦江启隆),联航路1239号,上海市,上海市,闵行区,310112,121.525058,31.078166,汽车维修;汽车维修;汽车维修,030000,,智己汽车,智己,service_center,industrial_or_service_site,[],0,0,0,amap_place_text,2026-07-08,false,true,false,true,false,,48,12,39,0.3077,2
im_motors,智己,B0J3JCYD1L,普陀智己体验与交付中心,同普路与千阳路交叉口西北100米,上海市,上海市,普陀区,310107,121.368708,31.233057,金融保险服务;金融保险服务机构;金融保险机构,160000,,智己体验中心,智己,delivery_center,industrial_or_service_site,[],0,0,0,amap_place_text,2026-07-08,false,false,true,true,false,,48,2,10,0.2,2
im_motors,智己,B0LBL1RTEF,IM智己青浦交付中心,北青公路与新园路交叉口西100米,上海市,上海市,青浦区,310118,121.124525,31.186625,生活服务;生活服务场所;生活服务场所,070000,,智己交付中心,智己|IM,delivery_center,industrial_or_service_site,[],0,0,0,amap_place_text,2026-07-08,false,false,true,true,false,,48,3,12,0.25,2
nio,蔚来,B0FFJEOW7Y,蔚来中心(上海中心大厦),银城中路501号上海中心大厦一楼蔚来,上海市,上海市,浦东新区,310115,121.505308,31.233566,汽车销售;汽车销售;汽车销售,020000,13162660964,蔚来中心,蔚来,experience_store,mall,[],0,0,0,amap_place_text,2026-07-08,true,false,false,true,false,,86,15,42,0.3571,2
nio,蔚来,B0J27H4DWJ,蔚来服务中心(上海国和路),国和路800号,上海市,上海市,杨浦区,310110,121.520952,31.316626,汽车销售;汽车销售;汽车销售,020000,18621899690,蔚来中心,蔚来,service_center,industrial_or_service_site,[],0,0,0,amap_place_text,2026-07-08,false,true,false,true,false,,86,3,5,0.6,1
nio,蔚来,B0FFJFU29L,蔚来中心(上海兴业太古汇),石门一路180号兴业太古汇S101蔚来中心,上海市,上海市,静安区,310106,121.463158,31.227541,汽车销售;汽车销售;汽车销售,020000,13162535792,蔚来中心,蔚来,experience_store,mall,[],0,0,0,amap_place_text,2026-07-08,true,false,false,true,false,,86,4,7,0.5714,1
nio,蔚来,B0GUPSZKXV,蔚来中心(上海长泰广场),金科路2889号长泰广场6座D1-07AB,上海市,上海市,浦东新区,310115,121.601555,31.204831,汽车销售;汽车销售;汽车销售|汽车维修;汽车维修;汽车维修,020000|030000,13162162089,蔚来中心,蔚来,service_center,industrial_or_service_site,[],0,0,0,amap_place_text,2026-07-08,false,true,false,true,false,,86,15,42,0.3571,2
nio,蔚来,B0K2SA9VAR,蔚来中心(上海荟聚),金钟路788号L01层01C19B-LB1层B1B05,上海市,上海市,长宁区,310105,121.357573,31.220934,汽车销售;汽车销售;汽车销售,020000,13162535792,蔚来中心,蔚来,mall_store,mall,[],0,0,0,amap_place_text,2026-07-08,true,false,false,true,false,,86,4,11,0.3636,1
nio,蔚来,B0FFM1FABG,蔚来中心(上海合生汇),翔殷路1099号L1层L1-16A16BL1-17,上海市,上海市,杨浦区,310110,121.519126,31.300193,汽车销售;汽车销售;汽车销售|汽车维修;汽车维修;汽车维修,020000|030000,13162819173,蔚来中心,蔚来,service_center,industrial_or_service_site,[],0,0,0,amap_place_text,2026-07-08,false,true,false,true,false,,86,3,5,0.6,1
nio,蔚来,B0FFGJPQ4D,蔚来服务中心(上海乐园路),乐园路198号,上海市,上海市,浦东新区,310115,121.611705,31.276416,汽车销售;汽车销售;汽车销售|汽车维修;汽车维修;汽车维修,020000|030000,18116127122,蔚来中心,蔚来,service_center,industrial_or_service_site,[],0,0,0,amap_place_text,2026-07-08,false,true,false,true,false,,86,15,42,0.3571,2
nio,蔚来,B0FFKWX7DM,蔚来中心(上海虹桥南丰城),遵义路100号虹桥南丰城北区L110&L111&L119&L120室南区L103&L115&L116室,上海市,上海市,长宁区,310105,121.407682,31.207925,汽车销售;汽车销售;汽车销售|汽车维修;汽车维修;汽车维修,020000|030000,13162819173,蔚来中心,蔚来,service_center,industrial_or_service_site,[],0,0,0,amap_place_text,2026-07-08,false,true,false,true,false,,86,4,11,0.3636,1
nio,蔚来,B0IDVH6DOP,蔚来服务中心(北虹路),新泾镇北虹路1079号,上海市,上海市,长宁区,310105,121.376632,31.210824,汽车服务;汽车服务相关;汽车服务相关,010000,021-62900226,蔚来中心,蔚来,service_center,industrial_or_service_site,[],0,0,0,amap_place_text,2026-07-08,false,true,false,true,false,,86,4,11,0.3636,1
nio,蔚来,B0JKS7569Y,蔚来中心(上海虹桥国际机场),申达一路1号上海虹桥国际机场T2航站楼出发禁区南侧D50-35D50-41,上海市,上海市,闵行区,310112,121.328377,31.194515,汽车销售;汽车销售;汽车销售,020000,13162660964,蔚来中心,蔚来,experience_store,mall,[],0,0,0,amap_place_text,2026-07-08,true,false,false,true,false,,86,19,39,0.4872,1
nio,蔚来,B0GK3ZSZ64,蔚来服务中心(上海向阳路),向阳路与莲花南路交叉口西南280米,上海市,上海市,闵行区,310112,121.425781,31.0698,汽车服务;汽车服务相关;汽车服务相关,010000,13585502123,蔚来中心,蔚来,service_center,industrial_or_service_site,[],0,0,0,amap_place_text,2026-07-08,false,true,false,true,false,,86,19,39,0.4872,1
nio,蔚来,B0I2CHEDL7,蔚来中心(上海天空万科广场),崧泽大道2229弄66号L1-3940,上海市,上海市,青浦区,310118,121.252428,31.17658,汽车销售;汽车销售;汽车销售,020000,13162660964,蔚来中心,蔚来,mall_store,mall,[],0,0,0,amap_place_text,2026-07-08,true,false,false,true,false,,86,2,12,0.1667,3
nio,蔚来,B0KDCAJBJM,蔚来体验中心(上海虹桥),中春路9998号1幢B座1层,上海市,上海市,闵行区,310112,121.330011,31.167107,汽车销售;汽车销售;汽车销售,020000,13162819173,蔚来中心,蔚来,experience_store,road_address_store,[],0,0,0,amap_place_text,2026-07-08,true,false,false,true,false,,86,19,39,0.4872,1
nio,蔚来,B0K1HZUNEK,蔚来中心(上海真如环宇城MAX),铜川路699弄1号L层L1046-1047、1057,上海市,上海市,普陀区,310107,121.409554,31.250343,汽车销售;汽车销售;汽车销售,020000,13162162089,蔚来中心,蔚来,mall_store,mall,[],0,0,0,amap_place_text,2026-07-08,true,false,false,true,false,,86,2,10,0.2,3
nio,蔚来,B0J2KA6Q8L,蔚来体验中心 (上海联达路),联达路290号(沈杜公路地铁站出入口步行380米),上海市,上海市,闵行区,310112,121.514582,31.06306,汽车销售;汽车销售;汽车销售,020000,13162819173,蔚来中心,蔚来,experience_store,road_address_store,[],0,0,0,amap_place_text,2026-07-08,true,false,false,true,true,parking_or_entrance,86,19,39,0.4872,1
nio,蔚来,B0I6N5HB4J,蔚来中心(上海宝杨宝龙广场),同济路669弄4号L1层M1-021,上海市,上海市,宝山区,310113,121.481239,31.396234,汽车销售;汽车销售;汽车销售,020000,13162535792,蔚来中心,蔚来,mall_store,mall,[],0,0,0,amap_place_text,2026-07-08,true,false,false,true,false,,86,5,14,0.3571,2
nio,蔚来,B0IB1DE2BO,蔚来服务中心(上海园业路),园业路88号,上海市,上海市,嘉定区,310114,121.192507,31.310641,汽车服务;汽车服务相关;汽车服务相关,010000,021-69108085,蔚来中心,蔚来,service_center,industrial_or_service_site,[],0,0,0,amap_place_text,2026-07-08,false,true,false,true,false,,86,15,27,0.5556,1
nio,蔚来,B0KU375R97,蔚来体验中心(上海金桥),张杨路2757号2幢101室,上海市,上海市,浦东新区,310115,121.561693,31.244366,生活服务;生活服务场所;生活服务场所|汽车销售;汽车销售;汽车销售,070000|020000,13162535792,蔚来中心,蔚来,experience_store,road_address_store,[],0,0,0,amap_place_text,2026-07-08,true,false,false,true,false,,86,15,42,0.3571,2
nio,蔚来,B0H09HM3I3,蔚来中心(上海松江印象城),广富林路1788弄松江印象城L123-2商铺,上海市,上海市,松江区,310117,121.222719,31.062206,汽车销售;汽车销售;汽车销售,020000,13162661990,蔚来中心,蔚来,mall_store,mall,[],0,0,0,amap_place_text,2026-07-08,true,false,false,true,false,,86,8,15,0.5333,1
nio,蔚来,B0KDHPHKTJ,蔚来体验中心(上海嘉定南翔),惠申路111号蔚来交付中心,上海市,上海市,嘉定区,310114,121.288673,31.301145,汽车销售;汽车销售;汽车销售,020000,13162661990,蔚来中心,蔚来,delivery_center,industrial_or_service_site,[],0,0,0,amap_place_text,2026-07-08,false,false,true,true,false,,86,15,27,0.5556,1
nio,蔚来,B0G12ZKQBG,蔚来中心(上海南翔印象城),陈翔公路2299号南翔印象城F1-38A38B,上海市,上海市,嘉定区,310114,121.305548,31.305205,汽车销售;汽车销售;汽车销售,020000,13162661990,蔚来中心,蔚来,mall_store,mall,[],0,0,0,amap_place_text,2026-07-08,true,false,false,true,false,,86,15,27,0.5556,1
nio,蔚来,B0FFJP1ZFW,蔚来中心(上海百联南桥购物中心店),百齐路288号F01层G41-02F01-01,上海市,上海市,奉贤区,310120,121.485455,30.914501,汽车销售;汽车销售;汽车销售,020000,13162162089,蔚来中心,蔚来,mall_store,mall,[],0,0,0,amap_place_text,2026-07-08,true,false,false,true,false,,86,3,6,0.5,1
nio,蔚来,B0IKOS0MMO,蔚来服务中心(上海北松公路),北松公路与南乐路交叉口东北100米,上海市,上海市,松江区,310117,121.274601,31.003091,汽车维修;汽车维修;汽车维修,030000,,蔚来中心,蔚来,service_center,industrial_or_service_site,[],0,0,0,amap_place_text,2026-07-08,false,true,false,true,false,,86,8,15,0.5333,1
nio,蔚来,B0KKMSB23D,蔚来空间(上海瑞虹新天地太阳宫),瑞虹路181号1层4647室,上海市,上海市,虹口区,310109,121.500326,31.262865,汽车销售;汽车销售;汽车销售,020000,13162535792,蔚来中心,蔚来,experience_store,mall,[],0,0,0,amap_place_text,2026-07-08,true,false,false,true,false,,86,2,4,0.5,1
nio,蔚来,B0J2OHK89U,蔚来城市展厅(上海徐汇绿地缤纷城),绿地缤纷城东安路562号西区1楼中庭,上海市,上海市,徐汇区,310104,121.45609,31.183354,汽车销售;汽车销售;汽车销售,020000,16601818192,蔚来中心,蔚来,experience_store,mall,[],0,0,0,amap_place_text,2026-07-08,true,false,false,true,false,,86,2,10,0.2,3
nio,蔚来,B0H6VMECEQ,蔚来空间(上海世纪汇广场店),世纪大道1192号世纪汇广场L1-001+042+043,上海市,上海市,浦东新区,310115,121.526146,31.228577,汽车销售;汽车销售;汽车销售,020000,13162819173,蔚来中心,蔚来,mall_store,mall,[],0,0,0,amap_place_text,2026-07-08,true,false,false,true,false,,86,15,42,0.3571,2
nio,蔚来,B0K01HA4JP,上海绅协蔚来授权服务中心,七宝镇中春路9998号,上海市,上海市,闵行区,310112,121.330075,31.166825,汽车服务;汽车服务相关;汽车服务相关,010000,,蔚来中心,蔚来,service_center,industrial_or_service_site,[],0,0,0,amap_place_text,2026-07-08,false,true,false,true,false,,86,19,39,0.4872,1
nio,蔚来,B0KKC5AEAU,蔚来服务中心(上海南门路),南门路350号,上海市,上海市,崇明区,310151,121.385317,31.622738,汽车服务;汽车服务相关;汽车服务相关,010000,021-39665066,蔚来中心,蔚来,service_center,industrial_or_service_site,[],0,0,0,amap_place_text,2026-07-08,false,true,false,true,false,,86,1,1,1.0,1
nio,蔚来,B0GKB5GOX5,蔚来空间(上海山姆高科西路),高科西路2110号山姆会员超市1层蔚来汽车,上海市,上海市,浦东新区,310115,121.535007,31.186764,汽车销售;汽车销售;汽车销售,020000,13162535792,蔚来中心,蔚来,experience_store,mall,[],0,0,0,amap_place_text,2026-07-08,true,false,false,true,false,,86,15,42,0.3571,2
nio,蔚来,B0K61RNIIT,蔚来城市展厅(上海宝山万达广场店),一二八纪念路968号,上海市,上海市,宝山区,310113,121.44791,31.323753,汽车销售;汽车销售;汽车销售,020000,16601818192,蔚来中心,蔚来,mall_store,mall,[],0,0,0,amap_place_text,2026-07-08,true,false,false,true,false,,86,5,14,0.3571,2
nio,蔚来,B0J0GUHM30,蔚来城市展厅(上海陆家嘴金融中心),浦东南路899号1楼中庭,上海市,上海市,浦东新区,310115,121.515708,31.231149,汽车销售;汽车销售;汽车销售,020000,16601818501,蔚来中心,蔚来,experience_store,mall,[],0,0,0,amap_place_text,2026-07-08,true,false,false,true,false,,86,15,42,0.3571,2
nio,蔚来,B0FFIYX8HL,蔚来服务中心(上海罗锦路),罗锦路218号2号门1幢蔚来服务中心,上海市,上海市,闵行区,310112,121.415923,31.12234,生活服务;维修站点;维修站点,071200,021-36025100,蔚来中心,蔚来,service_center,industrial_or_service_site,[],0,0,0,amap_place_text,2026-07-08,false,true,false,true,false,,86,19,39,0.4872,1
nio,蔚来,B0LB2CRH7J,蔚来服务中心(上海奉贤汽车城),沪杭公路1088号,上海市,上海市,奉贤区,310120,121.443971,30.956685,汽车服务;汽车服务相关;汽车服务相关,010000,,蔚来中心,蔚来,service_center,auto_park,[],0,0,0,amap_place_text,2026-07-08,false,true,false,true,false,,86,3,6,0.5,1
nio,蔚来,B0HAT71C1S,蔚来空间(上海金桥啦啦宝都),新金桥路738号L1-138&139商铺蔚来空间,上海市,上海市,浦东新区,310115,121.603799,31.252219,汽车销售;汽车销售;汽车销售,020000,13162661990,蔚来中心,蔚来,mall_store,mall,[],0,0,0,amap_place_text,2026-07-08,true,false,false,true,false,,86,15,42,0.3571,2
nio,蔚来,B0KUDZCNOE,蔚来空间(上海徐汇万科广场),定安路55号徐汇万科中心1期F1层,上海市,上海市,徐汇区,310104,121.431707,31.157663,汽车销售;汽车销售;汽车销售,020000,13162660964,蔚来中心,蔚来,mall_store,mall,[],0,0,0,amap_place_text,2026-07-08,true,false,false,true,false,,86,2,10,0.2,3
nio,蔚来,B0JKTH3IV3,蔚来空间(上海浦江欢乐颂),陈行公路2688号浦江欢乐颂L119a,上海市,上海市,闵行区,310112,121.503527,31.094574,汽车销售;汽车销售;汽车销售,020000,13162661990,蔚来中心,蔚来,mall_store,mall,[],0,0,0,amap_place_text,2026-07-08,true,false,false,true,false,,86,19,39,0.4872,1
nio,蔚来,B0JUS7LLW2,蔚来城市展厅(上海LCM置汇旭辉广场),张杨路2389弄1楼中庭,上海市,上海市,浦东新区,310115,121.55568,31.242209,汽车销售;汽车销售;汽车销售,020000,13262272835,蔚来中心,蔚来,mall_store,mall,[],0,0,0,amap_place_text,2026-07-08,true,false,false,true,false,,86,15,42,0.3571,2
nio,蔚来,B0JU1ST7GS,蔚来空间(上海静安大融城),沪太路1111弄10号静安大融城1号楼1层L134,上海市,上海市,静安区,310106,121.425431,31.279915,汽车销售;汽车销售;汽车销售,020000,13162661990,蔚来中心,蔚来,mall_store,mall,[],0,0,0,amap_place_text,2026-07-08,true,false,false,true,false,,86,4,7,0.5714,1
nio,蔚来,B0L3M1PLA4,蔚来城市展厅(中信泰富万达),胜辛路447号1楼中庭(近9-11号电梯),上海市,上海市,嘉定区,310114,121.254679,31.330638,汽车销售;汽车销售;汽车销售,020000,16601818192,蔚来中心,蔚来,experience_store,mall,[],0,0,0,amap_place_text,2026-07-08,true,false,false,true,false,,86,15,27,0.5556,1
nio,蔚来,B0HRNAUF8D,蔚来空间(上海中信泰富万达广场店),胜辛路426号上海中信泰富万达广场1F1009蔚来汽车,上海市,上海市,嘉定区,310114,121.254589,31.330717,汽车销售;汽车销售;汽车销售,020000,13162535792,蔚来中心,蔚来,mall_store,mall,[],0,0,0,amap_place_text,2026-07-08,true,false,false,true,false,,86,15,27,0.5556,1
nio,蔚来,B0J2BOWL33,蔚来空间(上海复地活力城),沪南路2229号复地活力城L1043蔚来汽车,上海市,上海市,浦东新区,310115,121.56481,31.159506,汽车销售;汽车销售;汽车销售,020000,13162819173,蔚来中心,蔚来,mall_store,mall,[],0,0,0,amap_place_text,2026-07-08,true,false,false,true,false,,86,15,42,0.3571,2
nio,蔚来,B0HBXCRASP,蔚来空间(上海七宝领展广场),漕宝路3366号七宝领展广场一楼L108,上海市,上海市,闵行区,310112,121.350546,31.154009,汽车销售;汽车销售;汽车销售,020000,13162660964,蔚来中心,蔚来,mall_store,mall,[],0,0,0,amap_place_text,2026-07-08,true,false,false,true,false,,86,19,39,0.4872,1
nio,蔚来,B0L0772W5D,蔚来城市展厅(上海松江印象城),广富林路1788弄1号1层(靠近北门),上海市,上海市,松江区,310117,121.222785,31.061051,汽车销售;汽车销售;汽车销售,020000,16601818501,蔚来中心,蔚来,experience_store,mall,[],0,0,0,amap_place_text,2026-07-08,true,false,false,true,false,,86,8,15,0.5333,1
nio,蔚来,B0FFM1LHL4,蔚来空间(上海仲盛世界商城),都市路5001号仲盛世界商城一层131A137-139蔚来空间,上海市,上海市,闵行区,310112,121.385938,31.106855,汽车销售;汽车销售;汽车销售|汽车服务;汽车服务相关;汽车服务相关|汽车维修;汽车维修;汽车维修,020000|010000|030000,13162162089,蔚来中心,蔚来,service_center,industrial_or_service_site,[],0,0,0,amap_place_text,2026-07-08,false,true,false,true,false,,86,19,39,0.4872,1
nio,蔚来,B0I02UJXTL,蔚来汽车(漕河泾五期18号楼),漕宝路1355号漕河泾科技绿洲五期18号楼,上海市,上海市,闵行区,310112,121.388951,31.161787,汽车销售;汽车销售;汽车销售,020000,,蔚来中心,蔚来,experience_store,road_address_store,[],0,0,0,amap_place_text,2026-07-08,true,false,false,true,false,,86,19,39,0.4872,1
nio,蔚来,B0FFGHEGMU,蔚来汽车,上海国际汽车城研发嘉定创新港20号楼,上海市,上海市,嘉定区,310114,121.197143,31.278733,公司企业;公司;公司,170200,021-69082000,蔚来中心,蔚来,experience_store,office_or_entity,[],0,0,0,amap_place_text,2026-07-08,true,false,false,true,false,,86,15,27,0.5556,1
nio,蔚来,B0M6BUH8BL,蔚来城市展厅 (上海中集美兰湖金地广场),年喜路19弄美兰湖金地1楼中庭,上海市,上海市,宝山区,310113,121.348606,31.400932,汽车销售;汽车销售;汽车销售,020000,16601818192,蔚来中心,蔚来,mall_store,mall,[],0,0,0,amap_place_text,2026-07-08,true,false,false,true,false,,86,5,14,0.3571,2
nio,蔚来,B0HD6ABGUT,蔚来空间(上海嘉亭荟城市生活广场),墨玉南路1033-1099号一楼108室蔚来汽车,上海市,上海市,嘉定区,310114,121.161853,31.287579,汽车销售;汽车销售;汽车销售|汽车维修;汽车维修;汽车维修,020000|030000,13162162089,蔚来中心,蔚来,service_center,industrial_or_service_site,[],0,0,0,amap_place_text,2026-07-08,false,true,false,true,false,,86,15,27,0.5556,1
nio,蔚来,B0M6VUJGUJ,蔚来空间,崮山路与浦东大道交叉口北60米,上海市,上海市,浦东新区,310115,121.548975,31.248925,汽车销售;汽车销售;汽车销售|汽车维修;汽车维修;汽车维修,020000|030000,,蔚来中心,蔚来,service_center,industrial_or_service_site,[],0,0,0,amap_place_text,2026-07-08,false,true,false,true,false,,86,15,42,0.3571,2
nio,蔚来,B0MGC5EK3Z,蔚来城市展厅(上海长宁来福士),长宁路1139号长宁来福士东区L1主中庭,上海市,上海市,长宁区,310105,121.415111,31.216003,汽车销售;汽车销售;汽车销售,020000,16601818192,蔚来中心,蔚来,mall_store,mall,[],0,0,0,amap_place_text,2026-07-08,true,false,false,true,false,,86,4,11,0.3636,1
nio,蔚来,B0H09CLLXN,蔚来空间(上海百联南桥购物中心店),百齐路百联南桥购物中心二期一楼,上海市,上海市,奉贤区,310120,121.484675,30.914325,汽车销售;汽车销售;汽车销售,020000,,蔚来中心,蔚来,mall_store,mall,[],0,0,0,amap_place_text,2026-07-08,true,false,false,true,false,,86,3,6,0.5,1
nio,蔚来,B0MA6ZJO4I,蔚来城市展厅(上海浦江生活广场),江月路1850弄1-6号浦江生活广场1层户外中庭,上海市,上海市,闵行区,310112,121.504937,31.083129,汽车销售;汽车销售;汽车销售,020000,16601818501,蔚来中心,蔚来,mall_store,mall,[],0,0,0,amap_place_text,2026-07-08,true,false,false,true,false,,86,19,39,0.4872,1
nio,蔚来,B0GRFAELMD,蔚来空间(上海龙湖闵行天街),剑川路1000弄1楼1F-51,上海市,上海市,闵行区,310112,121.415908,31.026574,汽车销售;汽车销售;汽车销售,020000,13162535792,蔚来中心,蔚来,experience_store,mall,[],0,0,0,amap_place_text,2026-07-08,true,false,false,true,false,,86,19,39,0.4872,1
nio,蔚来,B0H10HULVN,蔚来城市展厅(上海浦江万达广场),浦江镇永跃路360号(近1号门),上海市,上海市,闵行区,310112,121.512111,31.026825,汽车销售;汽车销售;汽车销售,020000,16601818501,蔚来中心,蔚来,mall_store,mall,[],0,0,0,amap_place_text,2026-07-08,true,false,false,true,false,,86,19,39,0.4872,1
nio,蔚来,B0KADZLL2K,上海蔚来汽车用户服务有限公司沪南路第一分公司,沪南路2229号复地活力城L1层,上海市,上海市,浦东新区,310115,121.564726,31.158329,汽车销售;汽车销售;汽车销售|汽车维修;汽车维修;汽车维修,020000|030000,,蔚来中心,蔚来,service_center,office_or_entity,[],0,0,0,amap_place_text,2026-07-08,false,true,false,true,true,possible_dealer_entity_or_office,86,15,42,0.3571,2
nio,蔚来,B0M6FSXESY,上海蔚来汽车用户服务有限公司,瑞虹路188号瑞虹新天地月亮湾,上海市,上海市,虹口区,310109,121.499015,31.264332,汽车销售;汽车销售;汽车销售,020000,,蔚来中心,蔚来,experience_store,office_or_entity,[],0,0,0,amap_place_text,2026-07-08,true,false,false,true,true,possible_dealer_entity_or_office,86,2,4,0.5,1
nio,蔚来,B0L07C2EDA,蔚来城市展厅(上海金桥国际商业广场),张杨路3611号金桥国际商业广场2座,上海市,上海市,浦东新区,310115,121.571629,31.264618,汽车销售;汽车销售;汽车销售,020000,16601818501,蔚来中心,蔚来,mall_store,mall,[],0,0,0,amap_place_text,2026-07-08,true,false,false,true,false,,86,15,42,0.3571,2
nio,蔚来,B0L13O7KQ7,蔚来(仲盛世界商城),都市路5001号仲盛世界商城F1层,上海市,上海市,闵行区,310112,121.387247,31.107142,汽车销售;汽车销售;汽车销售,020000,16601818192,蔚来中心,蔚来,mall_store,mall,[],0,0,0,amap_place_text,2026-07-08,true,false,false,true,false,,86,19,39,0.4872,1
nio,蔚来,B0LUVXG56D,蔚来空间(上海青浦吾悦广场),淀山湖大道218号1F-019-2号,上海市,上海市,青浦区,310118,121.094018,31.143928,汽车销售;汽车销售;汽车销售,020000,13162162089,蔚来中心,蔚来,mall_store,mall,[],0,0,0,amap_place_text,2026-07-08,true,false,false,true,false,,86,2,12,0.1667,3
nio,蔚来,B0I2L7EUIV,蔚来汽车总部(漕河泾五期19号楼),漕宝路1355号漕河泾科技绿洲四期19号楼,上海市,上海市,闵行区,310112,121.389582,31.162066,公司企业;公司企业;公司企业,170000,,蔚来中心,蔚来,experience_store,office_or_entity,[],0,0,0,amap_place_text,2026-07-08,true,false,false,true,false,,86,19,39,0.4872,1
nio,蔚来,B0K1XU74GQ,蔚来智行闵行店,蔚来服务中心(上海罗锦路),上海市,上海市,闵行区,310112,121.415899,31.122335,汽车销售;汽车销售;汽车销售,020000,13044114117;13386108030;13501818931,蔚来中心,蔚来,service_center,industrial_or_service_site,[],0,0,0,amap_place_text,2026-07-08,false,true,false,true,false,,86,19,39,0.4872,1
nio,蔚来,B0K1P79MFR,蔚来空间(上海金山万达广场),龙皓路1088-1009室,上海市,上海市,金山区,310116,121.335652,30.754747,汽车销售;汽车销售;汽车销售,020000,13162661990,蔚来中心,蔚来,mall_store,mall,[],0,0,0,amap_place_text,2026-07-08,true,false,false,true,false,,86,1,2,0.5,2
nio,蔚来,B0K0GS5829,蔚来城市展厅(上海江桥万达广场),金沙江西路1051弄江桥万达广场94号1F,上海市,上海市,嘉定区,310114,121.322731,31.240423,汽车销售;汽车销售;汽车销售,020000,16601818192,蔚来中心,蔚来,mall_store,mall,[],0,0,0,amap_place_text,2026-07-08,true,false,false,true,false,,86,15,27,0.5556,1
nio,蔚来,B0JU3S1DXL,蔚来空间(上海龙湖宝山天街),丹霞路50弄1号龙湖上海宝山天街商场1F-27b-b,上海市,上海市,宝山区,310113,121.363272,31.357371,汽车销售;汽车销售;汽车销售,020000,16601818501,蔚来中心,蔚来,mall_store,mall,[],0,0,0,amap_place_text,2026-07-08,true,false,false,true,false,,86,5,14,0.3571,2
nio,蔚来,B0LKVZ4FKP,蔚来城市展厅(上海佘山宝乐汇),佘月路27号佘山宝乐汇1楼(靠近地铁门),上海市,上海市,松江区,310117,121.230331,31.104334,汽车销售;汽车销售;汽车销售,020000,16601818501,蔚来中心,蔚来,experience_store,mall,[],0,0,0,amap_place_text,2026-07-08,true,false,false,true,false,,86,8,15,0.5333,1
nio,蔚来,B0K61RSZJE,蔚来汽车(万达广场松江店),茸悦路与黄渡浜街交叉口西南180米,上海市,上海市,松江区,310117,121.243952,31.057706,汽车销售;汽车销售;汽车销售,020000,16601807431,蔚来中心,蔚来,mall_store,mall,[],0,0,0,amap_place_text,2026-07-08,true,false,false,true,false,,86,8,15,0.5333,1
nio,蔚来,B0MG0LIJKA,上海蔚来汽车用户服务有限公司杨浦分公司,翔殷路1099号合生汇L1层,上海市,上海市,杨浦区,310110,121.517875,31.299825,汽车服务;汽车服务相关;汽车服务相关,010000,,蔚来中心,蔚来,mall_store,office_or_entity,[],0,0,0,amap_place_text,2026-07-08,true,false,false,true,true,possible_dealer_entity_or_office,86,3,5,0.6,1
nio,蔚来,B0K16CWDAW,蔚来城市展厅(上海飞航吾悦生活广场),永丰街道玉树路2575-2583号飞航吾悦1楼(靠近1号门),上海市,上海市,松江区,310117,121.208369,31.009314,汽车销售;汽车销售;汽车销售,020000,16601818501,蔚来中心,蔚来,mall_store,mall,[],0,0,0,amap_place_text,2026-07-08,true,false,false,true,false,,86,8,15,0.5333,1
nio,蔚来,B0L1M6FCPC,蔚来汽车10号楼,安虹路与米夏路交叉口西120米,上海市,上海市,嘉定区,310114,121.195975,31.277575,汽车销售;汽车销售;汽车销售,020000,,蔚来中心,蔚来,experience_store,road_address_store,[],0,0,0,amap_place_text,2026-07-08,true,false,false,true,false,,86,15,27,0.5556,1
nio,蔚来,B0L07C2TNI,蔚来城市展厅(上海临港蓝鲸世界),南汇新城镇方竹路888弄1楼中庭,上海市,上海市,浦东新区,310115,121.896268,30.895935,汽车销售;汽车销售;汽车销售,020000,16601818501,蔚来中心,蔚来,experience_store,mall,[],0,0,0,amap_place_text,2026-07-08,true,false,false,true,false,,86,15,42,0.3571,2
nio,蔚来,B0K0GDAIRR,蔚来城市展厅(上海维璟印象城),七莘路1507号莘庄维璟印象城1层,上海市,上海市,闵行区,310112,121.36357,31.131296,汽车销售;汽车销售;汽车销售,020000,13162162089,蔚来中心,蔚来,experience_store,mall,[],0,0,0,amap_place_text,2026-07-08,true,false,false,true,false,,86,19,39,0.4872,1
nio,蔚来,B0KKKUU30C,蔚来中心(上海久光中心),共和新路2188号1层M114,上海市,上海市,静安区,310106,121.451993,31.275884,汽车销售;汽车销售;汽车销售,020000,13162660964,蔚来中心,蔚来,experience_store,mall,[],0,0,0,amap_place_text,2026-07-08,true,false,false,true,false,,86,4,7,0.5714,1
nio,蔚来,B0KAUR7A6H,蔚来中心(上海苏河湾万象天地),福建北路100号万象天地西里LG2层210-212室,上海市,上海市,静安区,310106,121.477596,31.242676,汽车销售;汽车销售;汽车销售,020000,13162535792,蔚来中心,蔚来,experience_store,mall,[],0,0,0,amap_place_text,2026-07-08,true,false,false,true,false,,86,4,7,0.5714,1
nio,蔚来,B0FFKH816X,蔚来中心(上海万象城),吴中路1599号万象城L122,上海市,上海市,闵行区,310112,121.371014,31.171286,汽车销售;汽车销售;汽车销售|汽车维修;汽车维修;汽车维修,020000|030000,13162535792,蔚来中心,蔚来,service_center,industrial_or_service_site,[],0,0,0,amap_place_text,2026-07-08,false,true,false,true,false,,86,19,39,0.4872,1
nio,蔚来,B0K0CSD3QT,蔚来服务中心(张杨路店),张杨路2757号1幢106室,上海市,上海市,浦东新区,310115,121.562038,31.244627,汽车销售;汽车销售;汽车销售,020000,021-50208398,蔚来中心,蔚来,service_center,industrial_or_service_site,[],0,0,0,amap_place_text,2026-07-08,false,true,false,true,false,,86,15,42,0.3571,2
nio,蔚来,B0H11APY45,蔚来服务中心(上海红柳路店),桃浦镇红柳路399号,上海市,上海市,普陀区,310107,121.355312,31.298679,汽车维修;汽车维修;汽车维修,030000,18621899690,蔚来中心,蔚来,service_center,industrial_or_service_site,[],0,0,0,amap_place_text,2026-07-08,false,true,false,true,false,,86,2,10,0.2,3
nio,蔚来,B0I1PALLC1,蔚来体验中心(上海北松公路),车墩镇北松公路6350号,上海市,上海市,松江区,310117,121.274695,31.003355,汽车销售;汽车销售;汽车销售,020000,13162661990,蔚来中心,蔚来,experience_store,road_address_store,[],0,0,0,amap_place_text,2026-07-08,true,false,false,true,false,,86,8,15,0.5333,1
nio,蔚来,B0G0LHG1IM,蔚来(授权)服务中心(上海茸兴路),茸兴路与施惠路交叉口东南100米,上海市,上海市,松江区,310117,121.2505,31.044347,汽车服务;汽车服务相关;汽车服务相关,010000,021-67850066;13788983972,蔚来中心,蔚来,service_center,industrial_or_service_site,[],0,0,0,amap_place_text,2026-07-08,false,true,false,true,false,,86,8,15,0.5333,1
nio,蔚来,B0IBXHOZ76,蔚来汽车特约维修中心(上汽斯柯达店),顾村镇潘泾路399号,上海市,上海市,宝山区,310113,121.401501,31.361884,汽车销售;汽车销售;汽车销售,020000,021-36517558,蔚来中心,蔚来,service_center,industrial_or_service_site,[],0,0,0,amap_place_text,2026-07-08,false,true,false,true,false,,86,5,14,0.3571,2
nio,蔚来,B0FFGLNA28,蔚来技研中心,安亭镇安驰路789号蔚来汽车技研中心,上海市,上海市,嘉定区,310114,121.169803,31.282722,公司企业;公司;公司,170200,021-69082514,蔚来中心,蔚来,experience_store,office_or_entity,[],0,0,0,amap_place_text,2026-07-08,true,false,false,true,false,,86,15,27,0.5556,1
nio,蔚来,B0K0S7TY90,蔚来城市展厅 (上海虹桥新天地),申长路900号虹桥天地购物中心GF中庭,上海市,上海市,闵行区,310112,121.314836,31.1923,汽车销售;汽车销售;汽车销售,020000,16601818192,蔚来中心,蔚来,mall_store,mall,[],0,0,0,amap_place_text,2026-07-08,true,false,false,true,false,,86,19,39,0.4872,1
nio,蔚来,B0FFI61UZ9,蔚来汽车试验中心,安晓路51号,上海市,上海市,嘉定区,310114,121.237177,31.311104,公司企业;工厂;工厂,170300,,蔚来中心,蔚来,experience_store,office_or_entity,[],0,0,0,amap_place_text,2026-07-08,true,false,false,true,false,,86,15,27,0.5556,1
nio,蔚来,B0LKNLR655,上海蔚来汽车交付中心仓储区域,嘉前路与惠申路交叉口西220米,上海市,上海市,嘉定区,310114,121.287275,31.299275,汽车服务;汽车服务相关;汽车服务相关,010000,,蔚来中心,蔚来,delivery_center,industrial_or_service_site,[],0,0,0,amap_place_text,2026-07-08,false,false,true,true,false,,86,15,27,0.5556,1
nio,蔚来,B0J63561D3,蔚来交付中心地面停车场,南翔镇惠申路111号蔚来交付中心(上海嘉定南翔),上海市,上海市,嘉定区,310114,121.288562,31.301189,交通设施服务;停车场;公共停车场,150904,,蔚来交付中心,蔚来,delivery_center,industrial_or_service_site,[],0,0,0,amap_place_text,2026-07-08,false,false,true,true,true,parking_or_entrance,86,15,27,0.5556,1
nio,蔚来,B0J6354YZI,蔚来交付中心地面停车场(出入口),蔚来交付中心地面停车场,上海市,上海市,嘉定区,310114,121.288562,31.301189,交通设施服务;停车场;停车场出入口,150909,,蔚来交付中心,蔚来,delivery_center,industrial_or_service_site,[],0,0,0,amap_place_text,2026-07-08,false,false,true,true,true,parking_or_entrance,86,15,27,0.5556,1
nio,蔚来,B0L19DGNT9,上海全屋定制家具城,惠申路68号红楼3楼(蔚来交付中心斜对面),上海市,上海市,嘉定区,310114,121.288995,31.301484,购物服务;家居建材市场;家居建材市场,060600,18019083632;18117261527,蔚来交付中心,,delivery_center,industrial_or_service_site,[],0,0,0,amap_place_text,2026-07-08,false,false,true,true,false,,86,15,27,0.5556,1
harmony_auto,鸿蒙智行,B0L6PZ1K5F,鸿蒙智行用户中心(尊界|享界|问界|智界|尚界)·上海吴中路,吴中路100号(吴中路地铁站4号口步行390米),上海市,上海市,徐汇区,310104,121.414854,31.18778,汽车销售;汽车销售;汽车销售,020000,021-60389669,鸿蒙智行,鸿蒙智行|问界|用户中心,user_center,road_address_store,[],0,0,0,amap_place_text,2026-07-08,true,false,false,true,false,,74,5,10,0.5,1
harmony_auto,鸿蒙智行,B0L6LS68DE,鸿蒙智行用户中心(享界|智界|尚界)·上海御桥路,御桥路1441号,上海市,上海市,浦东新区,310115,121.561467,31.156427,汽车销售;汽车销售;汽车销售,020000,021-60389669,鸿蒙智行,鸿蒙智行|用户中心,user_center,road_address_store,[],0,0,0,amap_place_text,2026-07-08,true,false,false,true,false,,74,17,42,0.4048,1
harmony_auto,鸿蒙智行,B0KG2MWEXS,鸿蒙智行体验中心(享界|智界|尚界)·上海中山公园龙之梦,长宁路1018号1层,上海市,上海市,长宁区,310105,121.417005,31.219315,汽车销售;汽车销售;汽车销售|科教文化服务;科教文化场所;科教文化场所,020000|140000,021-62150061;17502138808,鸿蒙智行,鸿蒙智行,experience_store,mall,[],0,0,0,amap_place_text,2026-07-08,true,false,false,true,false,,74,4,11,0.3636,2
harmony_auto,鸿蒙智行,B0LRKHGXC2,鸿蒙智行用户中心(尊界|享界|问界|智界|尚界)·上海真北路,真北路3045号,上海市,上海市,普陀区,310107,121.394517,31.272235,汽车销售;汽车销售;汽车销售,020000,021-60389669,鸿蒙智行,鸿蒙智行|问界|用户中心,user_center,road_address_store,[],0,0,0,amap_place_text,2026-07-08,true,false,false,true,false,,74,6,10,0.6,1
harmony_auto,鸿蒙智行,B0KU6YW1GD,鸿蒙智行体验中心(问界)·晶品购物中心,愚园路40晶品中心写字楼F1层,上海市,上海市,静安区,310106,121.446837,31.225662,汽车服务;汽车服务相关;汽车服务相关,010000,021-60389669,鸿蒙智行,鸿蒙智行|问界,mall_store,office_or_entity,[],0,0,0,amap_place_text,2026-07-08,true,false,false,true,false,,74,3,7,0.4286,2
harmony_auto,鸿蒙智行,B0JRZU3CGH,鸿蒙智行体验中心(问界)·上海百联中环购物广场,真光路1258号百联中环购物广场1F层,上海市,上海市,普陀区,310107,121.384033,31.245858,汽车销售;汽车销售;汽车销售,020000,13122128192,鸿蒙智行,鸿蒙智行|问界,mall_store,mall,[],0,0,0,amap_place_text,2026-07-08,true,false,false,true,false,,74,6,10,0.6,1
harmony_auto,鸿蒙智行,B0JD2CNEUC,鸿蒙智行汽车·华为(世博源店),世博大道1368号世博源L1层,上海市,上海市,浦东新区,310115,121.492516,31.182627,汽车服务;汽车服务相关;汽车服务相关,010000,13661853452,鸿蒙智行,鸿蒙智行,mall_store,mall,[],0,0,0,amap_place_text,2026-07-08,true,false,false,true,false,,74,17,42,0.4048,1
harmony_auto,鸿蒙智行,B0K0K7EEF7,鸿蒙智行体验中心(智界)·虹桥天地购物,申长路688号虹桥天地GF层,上海市,上海市,闵行区,310112,121.315344,31.192827,汽车销售;汽车销售;汽车销售,020000,15707047172,鸿蒙智行,鸿蒙智行,experience_store,mall,[],0,0,0,amap_place_text,2026-07-08,true,false,false,true,false,,74,8,39,0.2051,3
harmony_auto,鸿蒙智行,B0M6FDXSHT,鸿蒙智行汽车·华为(晶耀前滩店)(暂停营业),耀体路308号晶耀前滩东区1楼,上海市,上海市,浦东新区,310115,121.477875,31.152825,汽车销售;汽车销售;汽车销售,020000,,鸿蒙智行,鸿蒙智行,mall_store,mall,[],0,0,0,amap_place_text,2026-07-08,true,false,false,true,true,possibly_closed,74,17,42,0.4048,1
harmony_auto,鸿蒙智行,B0I3DM1QWY,鸿蒙智行体验中心(享界|问界|智界|尚界)•凯德虹口商业中心,凯德龙之梦A座一楼(虹口足球场地铁站出入口步行190米),上海市,上海市,虹口区,310109,121.477933,31.270963,汽车销售;汽车销售;汽车销售,020000,,鸿蒙智行,鸿蒙智行|问界,experience_store,mall,[],0,0,0,amap_place_text,2026-07-08,true,false,false,true,true,parking_or_entrance,74,2,4,0.5,2
harmony_auto,鸿蒙智行,B0L304K60A,鸿蒙智行体验中心(享界|智界|尚界)·宜家荟聚,金钟路788号上海荟聚Livat,上海市,上海市,长宁区,310105,121.357225,31.221875,汽车销售;汽车销售;汽车销售,020000,17749741717,鸿蒙智行,鸿蒙智行,mall_store,mall,[],0,0,0,amap_place_text,2026-07-08,true,false,false,true,false,,74,4,11,0.3636,2
harmony_auto,鸿蒙智行,B0LAXZUWA9,鸿蒙智行体验中心(享界|问界|智界|尚界)·上海正大广场,陆家嘴西路168号正大广场1幢GF&2层GF03-05&2F06-09A,上海市,上海市,浦东新区,310115,121.50026,31.236963,汽车销售;汽车销售;汽车销售,020000,18132887647,鸿蒙智行,鸿蒙智行|问界,mall_store,mall,[],0,0,0,amap_place_text,2026-07-08,true,false,false,true,false,,74,17,42,0.4048,1
harmony_auto,鸿蒙智行,B0K04SRAHN,鸿蒙智行体验中心(享界|问界|智界|尚界)·上海月星环球港,中山北路3300号上海月星环球港L1层星巴克斜对面,上海市,上海市,普陀区,310107,121.412681,31.234258,汽车销售;汽车销售;汽车销售,020000,16628569386,鸿蒙智行,鸿蒙智行|问界,mall_store,mall,[],0,0,0,amap_place_text,2026-07-08,true,false,false,true,false,,74,6,10,0.6,1
harmony_auto,鸿蒙智行,B0K015DILI,鸿蒙智行体验中心(上海万象城店),吴中路1811号(紫藤路地铁站2号口步行160米),上海市,上海市,闵行区,310112,121.366025,31.169675,汽车销售;汽车销售;汽车销售,020000,021-60389669,鸿蒙智行,鸿蒙智行,mall_store,mall,[],0,0,0,amap_place_text,2026-07-08,true,false,false,true,false,,74,8,39,0.2051,3
harmony_auto,鸿蒙智行,B0L2DO9IYU,鸿蒙智行尚界用户中心·上海双阳北路,双阳北路490号,上海市,上海市,杨浦区,310110,121.52333,31.300101,汽车销售;汽车销售;汽车销售,020000,021-65066789;15221673019,鸿蒙智行,鸿蒙智行|用户中心,user_center,road_address_store,[],0,0,0,amap_place_text,2026-07-08,true,false,false,true,false,,74,2,5,0.4,2
harmony_auto,鸿蒙智行,B0M6PULZ5T,鸿蒙智行用户中心(尊界|享界|智界)·上海祁连山南路,长征镇云岭西路688号,上海市,上海市,普陀区,310107,121.365498,31.231703,汽车销售;汽车销售;汽车销售,020000,021-33030069,鸿蒙智行,鸿蒙智行|用户中心,user_center,road_address_store,[],0,0,0,amap_place_text,2026-07-08,true,false,false,true,false,,74,6,10,0.6,1
harmony_auto,鸿蒙智行,B0LU9HD38U,鸿蒙智行体验中心(尊界|享界|问界|智界|尚界)上海中环广场,淮海中路381号中环广场,上海市,上海市,黄浦区,310101,121.473225,31.222325,汽车销售;汽车销售;汽车销售,020000,18117218633,鸿蒙智行,鸿蒙智行|问界,mall_store,mall,[],0,0,0,amap_place_text,2026-07-08,true,false,false,true,false,,74,2,2,1.0,1
harmony_auto,鸿蒙智行,B0KR4DT9C9,鸿蒙智行中心·智界·享界(置汇旭辉广场店),张杨路2363号置汇旭辉广场,上海市,上海市,浦东新区,310115,121.555728,31.241239,汽车销售;汽车销售;汽车销售,020000,021-68303088,鸿蒙智行,鸿蒙智行,mall_store,mall,[],0,0,0,amap_place_text,2026-07-08,true,false,false,true,false,,74,17,42,0.4048,1
harmony_auto,鸿蒙智行,B0LK61LPVC,鸿蒙智行(日月光中心宝山店),沪太路1933号日月光中心(宝山店)L1层,上海市,上海市,宝山区,310113,121.417573,31.295288,汽车销售;汽车销售;汽车销售,020000,,鸿蒙智行,鸿蒙智行,mall_store,mall,[],0,0,0,amap_place_text,2026-07-08,true,false,false,true,false,,74,6,14,0.4286,1
harmony_auto,鸿蒙智行,B0LAJOW6DA,鸿蒙智行体验中心(享界|智界|尚界)·上海瑞虹天地太阳宫,瑞虹路181号瑞虹新天地太阳宫L1层,上海市,上海市,虹口区,310109,121.500325,31.262275,汽车销售;汽车销售;汽车销售,020000,15000111347,鸿蒙智行,鸿蒙智行,mall_store,mall,[],0,0,0,amap_place_text,2026-07-08,true,false,false,true,false,,74,2,4,0.5,2
harmony_auto,鸿蒙智行,B0LRLZMNPR,鸿蒙智行用户中心(享界|智界|尚界)•上海汶水路,汶水路405号,上海市,上海市,静安区,310106,121.435111,31.290586,汽车销售;汽车销售;汽车销售,020000,021-66522286;13916733481,鸿蒙智行,鸿蒙智行|用户中心,user_center,road_address_store,[],0,0,0,amap_place_text,2026-07-08,true,false,false,true,false,,74,3,7,0.4286,2
harmony_auto,鸿蒙智行,B0L6NDTS5Y,鸿蒙智行用户中心(尊界|智界)·上海世纪公园,罗山路1589号,上海市,上海市,浦东新区,310115,121.571535,31.226301,汽车销售;汽车销售;汽车销售,020000,15821534595,鸿蒙智行,鸿蒙智行|用户中心,user_center,road_address_store,[],0,0,0,amap_place_text,2026-07-08,true,false,false,true,false,,74,17,42,0.4048,1
harmony_auto,鸿蒙智行,B0HBONIIN7,鸿蒙智行体验中心(享界I智界I尚界)·上海真如环宇城MAX,铜川路699弄1号上海真如环宇城MAX L1层,上海市,上海市,普陀区,310107,121.408392,31.250124,汽车销售;汽车销售;汽车销售,020000,021-60389669;15151666047,鸿蒙智行,鸿蒙智行,mall_store,mall,[],0,0,0,amap_place_text,2026-07-08,true,false,false,true,false,,74,6,10,0.6,1
harmony_auto,鸿蒙智行,B0JA95G7VP,鸿蒙智行体验中心(享界|问界|智界|尚界)·上海仲盛世界商城,都市路5001号仲盛世界商城F1层,上海市,上海市,闵行区,310112,121.386075,31.106975,汽车销售;汽车销售;汽车销售|体育休闲服务;体育休闲服务场所;体育休闲服务场所,020000|080000,15921906815;18917353125,鸿蒙智行,鸿蒙智行|问界,mall_store,mall,[],0,0,0,amap_place_text,2026-07-08,true,false,false,true,false,,74,8,39,0.2051,3
harmony_auto,鸿蒙智行,B0LR3DCOXC,鸿蒙智行尚界用户中心·上海三鲁公路,三鲁公路2800号,上海市,上海市,闵行区,310112,121.524904,31.072644,公司企业;公司;公司|汽车销售;汽车销售;汽车销售,170200|020000,021-34782800,鸿蒙智行,鸿蒙智行|用户中心,user_center,office_or_entity,[],0,0,0,amap_place_text,2026-07-08,true,false,false,true,false,,74,8,39,0.2051,3
harmony_auto,鸿蒙智行,B0MBAOAHX3,鸿蒙智行尊界体验中心·上海西岸中环,瑞宁路268号,上海市,上海市,徐汇区,310104,121.468458,31.188058,汽车销售;汽车销售;汽车销售,020000,18917895688,鸿蒙智行,鸿蒙智行,experience_store,mall,[],0,0,0,amap_place_text,2026-07-08,true,false,false,true,false,,74,5,10,0.5,1
harmony_auto,鸿蒙智行,B0MB6ROB12,鸿蒙智行用户中心(尊界|享界|智界)•上海九干路,泗泾镇九干路168号20幢1号楼101-106室,上海市,上海市,松江区,310117,121.287302,31.128087,汽车销售;汽车销售;汽车销售,020000,18321460065,鸿蒙智行,鸿蒙智行|用户中心,user_center,road_address_store,[],0,0,0,amap_place_text,2026-07-08,true,false,false,true,false,,74,5,15,0.3333,2
harmony_auto,鸿蒙智行,B0JRZC2P98,鸿蒙智行体验中心(享界|问界|智界|尚界)·上海南翔印象城,陈翔公路2299号L2-10a/10b,上海市,上海市,嘉定区,310114,121.305996,31.305413,汽车销售;汽车销售;汽车销售,020000,,鸿蒙智行,鸿蒙智行|问界,experience_store,mall,[],0,0,0,amap_place_text,2026-07-08,true,false,false,true,false,,74,5,27,0.1852,3
harmony_auto,鸿蒙智行,B0K6T5MS1W,鸿蒙智行体验中心(享界|问界|智界|尚界)•上海TPY中心,肇嘉浜路1117号1层,上海市,上海市,徐汇区,310104,121.439054,31.193076,汽车销售;汽车销售;汽车销售,020000,15800800897,鸿蒙智行,鸿蒙智行|问界,experience_store,mall,[],0,0,0,amap_place_text,2026-07-08,true,false,false,true,false,,74,5,10,0.5,1
harmony_auto,鸿蒙智行,B0M625VN57,鸿蒙智行体验中心(享界|智界|尚界)·上海世博源,世博大道1368号世博源3区B层,上海市,上海市,浦东新区,310115,121.492675,31.182325,汽车服务;汽车服务相关;汽车服务相关,010000,021-60389669,鸿蒙智行,鸿蒙智行,mall_store,mall,[],0,0,0,amap_place_text,2026-07-08,true,false,false,true,false,,74,17,42,0.4048,1
harmony_auto,鸿蒙智行,B0JRU5SFYU,鸿蒙智行体验中心(智界)·上海恒越荣欣广场,恒越荣欣广场1号楼,上海市,上海市,浦东新区,310115,121.675912,31.281841,汽车销售;汽车销售;汽车销售,020000,021-60389669,鸿蒙智行,鸿蒙智行,mall_store,mall,[],0,0,0,amap_place_text,2026-07-08,true,false,false,true,false,,74,17,42,0.4048,1
harmony_auto,鸿蒙智行,B0K3CCGBDK,鸿蒙智行体验中心(享界|智界|尚界)·周浦万达广场,沪南路3449弄1层122-123娱乐楼1F-AB-2号铺位,上海市,上海市,浦东新区,310115,121.570212,31.115011,汽车销售;汽车销售;汽车销售,020000,021-60389669,鸿蒙智行,鸿蒙智行,mall_store,mall,[],0,0,0,amap_place_text,2026-07-08,true,false,false,true,false,,74,17,42,0.4048,1
harmony_auto,鸿蒙智行,B0JUJKGIUX,鸿蒙智行体验中心(享界|问界|智界|尚界)·上海青浦宝龙,汇金路590号青浦宝龙广场1F层,上海市,上海市,青浦区,310118,121.152369,31.162375,汽车销售;汽车销售;汽车销售,020000,021-60389669,鸿蒙智行,鸿蒙智行|问界,mall_store,mall,[],0,0,0,amap_place_text,2026-07-08,true,false,false,true,false,,74,7,12,0.5833,1
harmony_auto,鸿蒙智行,B0L31CVYPB,鸿蒙智行尚界用户中心·上海漕溪北路,漕溪北路与慈云街交叉口西100米,上海市,上海市,徐汇区,310104,121.436091,31.187356,汽车销售;汽车销售;汽车销售,020000,13301781958,鸿蒙智行,鸿蒙智行|用户中心,user_center,road_address_store,[],0,0,0,amap_place_text,2026-07-08,true,false,false,true,false,,74,5,10,0.5,1
harmony_auto,鸿蒙智行,B0LK9UAUSL,鸿蒙智行体验中心(享界|问界|智界|尚界)·上海前湾印象城MEGA,联友路388号1层L101-L103,上海市,上海市,闵行区,310112,121.275875,31.216075,汽车销售;汽车销售;汽车销售,020000,15821875027,鸿蒙智行,鸿蒙智行|问界,mall_store,mall,[],0,0,0,amap_place_text,2026-07-08,true,false,false,true,false,,74,8,39,0.2051,3
harmony_auto,鸿蒙智行,B0L1R5B7BA,鸿蒙智行尚界用户中心·上海澄浏中路,澄浏中路886号,上海市,上海市,嘉定区,310114,121.294904,31.35043,汽车销售;汽车销售;汽车销售,020000,13381521121,鸿蒙智行,鸿蒙智行|用户中心,user_center,road_address_store,[],0,0,0,amap_place_text,2026-07-08,true,false,false,true,false,,74,5,27,0.1852,3
harmony_auto,鸿蒙智行,B0L69SQ7VT,鸿蒙智行用户中心(尊界|享界|智界|尚界)·上海长江西路,长江西路1139号,上海市,上海市,宝山区,310113,121.460069,31.339462,汽车销售;汽车销售;汽车销售,020000,13262980099,鸿蒙智行,鸿蒙智行|用户中心,user_center,road_address_store,[],0,0,0,amap_place_text,2026-07-08,true,false,false,true,false,,74,6,14,0.4286,1
harmony_auto,鸿蒙智行,B0JRZC7D0T,鸿蒙智行体验中心(享界|问界|智界|尚界)·上海天空万科广场,崧泽大道2229弄66号L1-02、03,上海市,上海市,青浦区,310118,121.253725,31.177125,汽车服务;汽车服务相关;汽车服务相关,010000,021-60389669,鸿蒙智行,鸿蒙智行|问界,mall_store,mall,[],0,0,0,amap_place_text,2026-07-08,true,false,false,true,false,,74,7,12,0.5833,1
harmony_auto,鸿蒙智行,B0JRB51Q49,鸿蒙智行体验中心(享界|智界|尚界)·宝杨宝龙广场,同济路669弄1宝杨宝龙广场F1层,上海市,上海市,宝山区,310113,121.481125,31.395675,购物服务;购物相关场所;购物相关场所,060000,021-60389669,鸿蒙智行,鸿蒙智行,mall_store,mall,[],0,0,0,amap_place_text,2026-07-08,true,false,false,true,false,,74,6,14,0.4286,1
harmony_auto,鸿蒙智行,B0L2MR01K0,鸿蒙智行尚界用户中心·上海航南公路,航南公路5890号,上海市,上海市,奉贤区,310120,121.455975,30.929325,汽车销售;汽车销售;汽车销售,020000,13818481466,鸿蒙智行,鸿蒙智行|用户中心,user_center,road_address_store,[],0,0,0,amap_place_text,2026-07-08,true,false,false,true,false,,74,1,6,0.1667,3
harmony_auto,鸿蒙智行,B0J6GLU2RF,鸿蒙智行体验中心(享界|智界|尚界)·上海中信泰富万达广场,胜辛路426号万达广场上海中信泰富店1F层,上海市,上海市,嘉定区,310114,121.254725,31.330975,汽车销售;汽车销售;汽车销售,020000,021-60389669,鸿蒙智行,鸿蒙智行,mall_store,mall,[],0,0,0,amap_place_text,2026-07-08,true,false,false,true,false,,74,5,27,0.1852,3
harmony_auto,鸿蒙智行,B0JRN587A3,鸿蒙智行体验中心(享界|问界|智界|尚界)·上海维璟印象城,莘庄镇七莘路1507号维璟广场1楼01-011-012号,上海市,上海市,闵行区,310112,121.363925,31.130125,汽车销售;汽车销售;汽车销售,020000,021-64885661;18132887647,鸿蒙智行,鸿蒙智行|问界,mall_store,mall,[],0,0,0,amap_place_text,2026-07-08,true,false,false,true,false,,74,8,39,0.2051,3
harmony_auto,鸿蒙智行,B0K6UUPX09,鸿蒙智行体验中心(智界|尚界)·临港万达广场,鸿音路2555号万达广场1F1009单元,上海市,上海市,浦东新区,310115,121.815025,30.892325,汽车销售;汽车销售;汽车销售,020000,13564079250,鸿蒙智行,鸿蒙智行,mall_store,mall,[],0,0,0,amap_place_text,2026-07-08,true,false,false,true,false,,74,17,42,0.4048,1
harmony_auto,鸿蒙智行,B0L2XSY48O,鸿蒙智行尚界用户中心·上海盈顺路,盈顺路870号3栋东侧,上海市,上海市,青浦区,310118,121.100137,31.184864,汽车销售;汽车销售;汽车销售,020000,,鸿蒙智行,鸿蒙智行|用户中心,user_center,road_address_store,[],0,0,0,amap_place_text,2026-07-08,true,false,false,true,false,,74,7,12,0.5833,1
harmony_auto,鸿蒙智行,B0JKKU7SA9,鸿蒙智行体验中心(享界|问界|智界|尚界)·上海中庚漫游城,闵虹路8号中庚漫游城1层OUT/L142号汉堡王对过,上海市,上海市,闵行区,310112,121.397841,31.132091,汽车服务;汽车服务相关;汽车服务相关,010000,021-60389669,鸿蒙智行,鸿蒙智行|问界,mall_store,mall,[],0,0,0,amap_place_text,2026-07-08,true,false,false,true,false,,74,8,39,0.2051,3
harmony_auto,鸿蒙智行,B0MGHZS7JF,鸿蒙智行尚界用户中心•上海沪松公路,沪松公路1217号,上海市,上海市,松江区,310117,121.328074,31.143313,汽车销售;汽车销售;汽车销售,020000,021-57863999,鸿蒙智行,鸿蒙智行|用户中心,user_center,road_address_store,[],0,0,0,amap_place_text,2026-07-08,true,false,false,true,false,,74,5,15,0.3333,2
harmony_auto,鸿蒙智行,B0MBGD35U9,鸿蒙智行体验中心(智界|尚界)·上海青浦吾悦,淀山湖大道218号吾悦广场(上海青浦店),上海市,上海市,青浦区,310118,121.095075,31.143825,汽车销售;汽车销售;汽车销售,020000,13127649649,鸿蒙智行,鸿蒙智行,mall_store,mall,[],0,0,0,amap_place_text,2026-07-08,true,false,false,true,false,,74,7,12,0.5833,1
harmony_auto,鸿蒙智行,B0MBARAR2O,鸿蒙智行尚界用户中心·上海世纪公园,罗山路1589号-1,上海市,上海市,浦东新区,310115,121.571201,31.225935,汽车销售;汽车销售;汽车销售,020000,15821534595;19822722577,鸿蒙智行,鸿蒙智行|用户中心,user_center,road_address_store,[],0,0,0,amap_place_text,2026-07-08,true,false,false,true,false,,74,17,42,0.4048,1
harmony_auto,鸿蒙智行,B0L27ZJSZ2,鸿蒙智行尚界用户中心·上海北松公路,北松公路6280号-5幢,上海市,上海市,松江区,310117,121.275877,31.003075,汽车销售;汽车销售;汽车销售,020000,021-37026998,鸿蒙智行,鸿蒙智行|用户中心,user_center,road_address_store,[],0,0,0,amap_place_text,2026-07-08,true,false,false,true,false,,74,5,15,0.3333,2
harmony_auto,鸿蒙智行,B0MBA59K0B,鸿蒙智行享界用户中心·上海世纪公园,罗山路1589号-2,上海市,上海市,浦东新区,310115,121.571225,31.225925,汽车销售;汽车销售;汽车销售,020000,15821534595,鸿蒙智行,鸿蒙智行|用户中心,user_center,road_address_store,[],0,0,0,amap_place_text,2026-07-08,true,false,false,true,false,,74,17,42,0.4048,1
harmony_auto,鸿蒙智行,B0KAK5TPRU,鸿蒙智行体验中心(享界|问界|智界|尚界)·上海大宁国际,"大宁国际商业广场共和新路1988号10座103-109,207-212,216室",上海市,上海市,静安区,310106,121.45259,31.275469,汽车销售;汽车销售;汽车销售,020000,021-60389669;17502138808,鸿蒙智行,鸿蒙智行|问界,mall_store,mall,[],0,0,0,amap_place_text,2026-07-08,true,false,false,true,false,,74,3,7,0.4286,2
harmony_auto,鸿蒙智行,B0L14Z15JB,鸿蒙智行用户中心(智界丨享界)·上海盈顺路,盈顺路870号3栋西侧,上海市,上海市,青浦区,310118,121.100137,31.184864,汽车销售;汽车销售;汽车销售,020000,021-69222767,鸿蒙智行,鸿蒙智行|用户中心,user_center,road_address_store,[],0,0,0,amap_place_text,2026-07-08,true,false,false,true,false,,74,7,12,0.5833,1
harmony_auto,鸿蒙智行,B0LR4RQMI5,鸿蒙智行体验中心(问界|智界|享界|尚界)·上海五角场万达,"杨浦区五角场万达广场B栋1123,221A,2112B铺位",上海市,上海市,杨浦区,310110,121.513536,31.301183,汽车销售;汽车销售;汽车销售,020000,021-60389669,鸿蒙智行,鸿蒙智行|问界,mall_store,mall,[],0,0,0,amap_place_text,2026-07-08,true,false,false,true,false,,74,2,5,0.4,2
harmony_auto,鸿蒙智行,B0K0CR7ZCX,华为AITO汽车中心(长宁荟聚店),金钟路788号上海荟聚Livat F1层,上海市,上海市,长宁区,310105,121.356868,31.221859,汽车销售;汽车销售;汽车销售,020000,,鸿蒙智行,AITO,user_center,mall,[],0,0,0,amap_place_text,2026-07-08,true,false,false,true,false,,74,4,11,0.3636,2
harmony_auto,鸿蒙智行,B0JKV5M7E7,AITO授权用户中心·上海华江路,华江路668弄5号,上海市,上海市,嘉定区,310114,121.331283,31.246039,汽车销售;汽车销售;汽车销售,020000,021-59181818,鸿蒙智行,AITO|用户中心,user_center,road_address_store,[],0,0,0,amap_place_text,2026-07-08,true,false,false,true,false,,74,5,27,0.1852,3
harmony_auto,鸿蒙智行,B0I6BZPIQ0,AITO授权用户中心·上海张江,龙东大道2777号永达国际汽车广场,上海市,上海市,浦东新区,310115,121.630026,31.224351,汽车销售;汽车销售;汽车销售|汽车维修;汽车维修;汽车维修,020000|030000,021-58363886,鸿蒙智行,AITO|用户中心,service_center,industrial_or_service_site,[],0,0,0,amap_place_text,2026-07-08,false,true,false,true,false,,74,17,42,0.4048,1
harmony_auto,鸿蒙智行,B0LKF5TV2G,AITO授权用户中心·上海闵行颛兴东路,颛兴东路1280弄1-4号1幢,上海市,上海市,闵行区,310112,121.417321,31.074638,汽车销售;汽车销售;汽车销售,020000,,鸿蒙智行,AITO|用户中心,user_center,road_address_store,[],0,0,0,amap_place_text,2026-07-08,true,false,false,true,false,,74,8,39,0.2051,3
harmony_auto,鸿蒙智行,B0I0XACYJY,AITO授权用户中心·上海世纪公园,罗山路1589号,上海市,上海市,浦东新区,310115,121.571535,31.226301,汽车销售;汽车销售;汽车销售|汽车服务;汽车服务相关;汽车服务相关,020000|010000,021-58557776,鸿蒙智行,AITO|用户中心,user_center,road_address_store,[],0,0,0,amap_place_text,2026-07-08,true,false,false,true,false,,74,17,42,0.4048,1
harmony_auto,鸿蒙智行,B0I1RAZ2QF,AITO体验展厅·上海临港万达广场,鸿音路2555号临港万达1层,上海市,上海市,浦东新区,310115,121.814947,30.891806,汽车销售;汽车销售;汽车销售,020000,19821985985,鸿蒙智行,AITO,mall_store,mall,[],0,0,0,amap_place_text,2026-07-08,true,false,false,true,false,,74,17,42,0.4048,1
harmony_auto,鸿蒙智行,B0KGLZOX7M,AITO授权用户中心·上海松江,泗泾镇九干路50号手拉手汽车港B3栋,上海市,上海市,松江区,310117,121.297569,31.127201,汽车销售;汽车销售;汽车销售|汽车维修;汽车维修;汽车维修,020000|030000,021-67676566,鸿蒙智行,AITO|用户中心,service_center,industrial_or_service_site,[],0,0,0,amap_place_text,2026-07-08,false,true,false,true,false,,74,5,15,0.3333,2
harmony_auto,鸿蒙智行,B0L66ZCA6U,AITO授权用户中心·上海宝山宝安公路,宝安公路828号,上海市,上海市,宝山区,310113,121.411532,31.363329,汽车销售;汽车销售;汽车销售,020000,021-56569278,鸿蒙智行,AITO|用户中心,user_center,road_address_store,[],0,0,0,amap_place_text,2026-07-08,true,false,false,true,false,,74,6,14,0.4286,1
harmony_auto,鸿蒙智行,B0K0MSFPU4,HUAWEI·问界汽车(上海正大乐城店),中山南二路699号正大乐城,上海市,上海市,徐汇区,310104,121.45816,31.186617,汽车销售;汽车销售;汽车销售,020000,,鸿蒙智行,问界,mall_store,mall,[],0,0,0,amap_place_text,2026-07-08,true,false,false,true,false,,74,5,10,0.5,1
harmony_auto,鸿蒙智行,B0LUVUDGWV,AITO授权用户中心·上海青浦外青松公路,外青松公路4938号,上海市,上海市,青浦区,310118,121.118716,31.190295,生活服务;生活服务场所;生活服务场所|汽车销售;汽车销售;汽车销售,070000|020000,021-59229275,鸿蒙智行,AITO|用户中心,user_center,road_address_store,[],0,0,0,amap_place_text,2026-07-08,true,false,false,true,false,,74,7,12,0.5833,1
harmony_auto,鸿蒙智行,B0JUTA46QL,华为AITO问界汽车(长宁来福士店),长宁路1189号长宁来福士广场东区L1层,上海市,上海市,长宁区,310105,121.415048,31.216659,汽车销售;汽车销售;汽车销售,020000,,鸿蒙智行,AITO|问界,mall_store,mall,[],0,0,0,amap_place_text,2026-07-08,true,false,false,true,false,,74,4,11,0.3636,2
harmony_auto,鸿蒙智行,B0LBOH6RPQ,华为汽车AITO汽车体验中心(百联中环购物广场店),真光路1288号上海百联中环购物广场B区1F层,上海市,上海市,普陀区,310107,121.384033,31.245858,汽车销售;汽车销售;汽车销售,020000,,鸿蒙智行,AITO,mall_store,mall,[],0,0,0,amap_place_text,2026-07-08,true,false,false,true,false,,74,6,10,0.6,1
harmony_auto,鸿蒙智行,B0KR9XMJ9W,上海冠松aito4S店(世纪公园店),锦绣东路与罗山路交叉口东北160米,上海市,上海市,浦东新区,310115,121.571474,31.228244,汽车销售;汽车销售;汽车销售,020000,,鸿蒙智行,,user_center,road_address_store,[],0,0,0,amap_place_text,2026-07-08,true,false,false,true,false,,74,17,42,0.4048,1
harmony_auto,鸿蒙智行,B0MGK7KISC,AITO官方精品施工中心(华江路问界),高潮路309号2栋111室,上海市,上海市,嘉定区,310114,121.333025,31.242275,汽车服务;汽车养护/装饰;汽车养护,010400,13524146528;15000250021,鸿蒙智行,AITO|问界,service_center,industrial_or_service_site,[],0,0,0,amap_place_text,2026-07-08,false,true,false,true,false,,74,5,27,0.1852,3
harmony_auto,鸿蒙智行,B0LDDRGK3A,重庆问界汽车销售有限公司,九干路与新微路交叉口东北20米,上海市,上海市,松江区,310117,121.295146,31.126139,汽车销售;汽车销售;汽车销售,020000,,鸿蒙智行,问界,other,office_or_entity,[],0,0,0,amap_place_text,2026-07-08,false,false,false,false,true,poi_kind_other|possible_dealer_entity_or_office,74,5,15,0.3333,2
harmony_auto,鸿蒙智行,B0M64CJQPH,鸿蒙智行尊界体验中心·上海BFC外滩金融中心店,中山东二路588号地上一层S104单元,上海市,上海市,黄浦区,310101,121.49879,31.226296,金融保险服务;金融保险服务机构;金融保险机构,160000,13788991295,鸿蒙智行,鸿蒙智行,experience_store,mall,[],0,0,0,amap_place_text,2026-07-08,true,false,false,true,false,,74,2,2,1.0,1
harmony_auto,鸿蒙智行,B0MANCR331,鸿蒙智行用户中心(享界I智界I尚界)·上海御桥路地上停车场,御桥路与康士路交叉口西北60米,上海市,上海市,浦东新区,310115,121.561234,31.156363,交通设施服务;停车场;公共停车场,150904,,鸿蒙智行用户中心,鸿蒙智行|用户中心,user_center,road_address_store,[],0,0,0,amap_place_text,2026-07-08,true,false,false,true,true,parking_or_entrance,74,17,42,0.4048,1
harmony_auto,鸿蒙智行,B0LB1S396C,鸿蒙智行上海长江西路用户中心停车场,长江西路1145弄通道与长江西路交叉口北40米,上海市,上海市,宝山区,310113,121.459821,31.339219,交通设施服务;停车场;公共停车场,150904,,鸿蒙智行用户中心,鸿蒙智行|用户中心,user_center,road_address_store,[],0,0,0,amap_place_text,2026-07-08,true,false,false,true,true,parking_or_entrance,74,6,14,0.4286,1
harmony_auto,鸿蒙智行,B0LB1U43X0,鸿蒙智行上海长江西路用户中心停车场(出入口),长江西路1145弄通道与长江西路交叉口北20米,上海市,上海市,宝山区,310113,121.459704,31.339083,交通设施服务;停车场;停车场出入口,150909,,鸿蒙智行用户中心,鸿蒙智行|用户中心,user_center,road_address_store,[],0,0,0,amap_place_text,2026-07-08,true,false,false,true,true,parking_or_entrance,74,6,14,0.4286,1
harmony_auto,鸿蒙智行,,上海市宝山区鸿蒙智行(日月光中心宝山店),鸿蒙智行(日月光中心宝山店),,,,310113,121.417573,31.295288,,,,鸿蒙智行用户中心,鸿蒙智行,user_center,mall,0,0,0,0,amap_place_text,2026-07-08,true,false,false,true,false,,74,0,0,0.0,0
harmony_auto,鸿蒙智行,B0LKNLRQZ3,问界授权用户中心,外青松公路与北青公路交叉口北380米,上海市,上海市,青浦区,310118,121.118925,31.190525,生活服务;生活服务场所;生活服务场所,070000,,问界用户中心,问界|用户中心,user_center,road_address_store,[],0,0,0,amap_place_text,2026-07-08,true,false,false,true,false,,74,7,12,0.5833,1
